id,first_name,last_name,email,gender
1,Martelle,Barette,mbarette0@pagesperso-orange.fr,Female
2,Faustine,Hembery,fhembery1@histats.com,Female
3,Cathi,Piotr,cpiotr2@wordpress.com,Female
4,Gaston,Garlinge,ggarlinge3@gizmodo.com,Male
5,Channa,Kassel,ckassel4@netlog.com,Female
6,Bertine,Mulvin,bmulvin5@vkontakte.ru,Female
7,Vivyanne,Rizzillo,vrizzillo6@unblog.fr,Female
8,Nancey,Linford,nlinford7@oakley.com,Female
9,Tabitha,Russell,trussell8@latimes.com,Female
10,Reginauld,Kobelt,rkobelt9@abc.net.au,Male
11,Alair,Wisker,awiskera@ihg.com,Male
12,Randell,Konmann,rkonmannb@elegantthemes.com,Male
13,Lee,Henderson,lhendersonc@goo.gl,Female
14,Tracey,Strand,tstrandd@globo.com,Male
15,Vivian,Hardwicke,vhardwickee@mlb.com,Female
16,Micky,Maplestone,mmaplestonef@google.pl,Male
17,Serene,Pavic,spavicg@nature.com,Female
18,Rosaline,Nutt,rnutth@usa.gov,Female
19,Garald,Helliker,ghellikeri@nhs.uk,Male
20,Kellyann,Tousey,ktouseyj@hhs.gov,Female
21,Max,Axtens,maxtensk@nydailynews.com,Male
22,Ara,Leuty,aleutyl@themeforest.net,Male
23,Morty,Gajewski,mgajewskim@intel.com,Male
24,Way,Ludee,wludeen@auda.org.au,Male
25,Gay,Menichelli,gmenichellio@miitbeian.gov.cn,Male
26,Jerry,McMennum,jmcmennump@parallels.com,Male
27,Izaak,Simoncello,isimoncelloq@latimes.com,Male
28,Ari,Pittaway,apittawayr@netvibes.com,Male
29,Chance,Peterffy,cpeterffys@icio.us,Male
30,Dorian,Weatherby,dweatherbyt@nifty.com,Male
31,Gerry,Davidowich,gdavidowichu@sfgate.com,Male
32,Whitney,Gohn,wgohnv@technorati.com,Male
33,Theo,Caine,tcainew@blogtalkradio.com,Female
34,Dulcia,Nuton,dnutonx@constantcontact.com,Female
35,Wheeler,Whoston,wwhostony@g.co,Male
36,Toinette,Hargrove,thargrovez@weebly.com,Female
37,Hildagard,Grainger,hgrainger10@bluehost.com,Female
38,Ulysses,Fetherston,ufetherston11@hp.com,Male
39,Ericka,Loveless,eloveless12@gmpg.org,Female
40,Anton,MacIlory,amacilory13@wunderground.com,Male
41,Ranice,Dionisetto,rdionisetto14@cbc.ca,Female
42,Kelbee,Robbins,krobbins15@blogs.com,Male
43,Brennan,Jurasz,bjurasz16@google.com.hk,Male
44,Syman,Weald,sweald17@foxnews.com,Male
45,Caddric,Geraudy,cgeraudy18@columbia.edu,Male
46,Griswold,Linster,glinster19@illinois.edu,Male
47,Fields,Jochen,fjochen1a@odnoklassniki.ru,Male
48,Art,Rubinowicz,arubinowicz1b@nature.com,Male
49,Galvan,Olliff,golliff1c@ovh.net,Male
50,Erena,Whyatt,ewhyatt1d@fda.gov,Female
51,Alexis,Bathowe,abathowe1e@dedecms.com,Female
52,Hendrik,Sparham,hsparham1f@salon.com,Male
53,Quincey,Whitley,qwhitley1g@hc360.com,Male
54,Kessiah,Riddall,kriddall1h@marriott.com,Female
55,Temp,Rosenblatt,trosenblatt1i@japanpost.jp,Male
56,Stefano,Fenn,sfenn1j@prnewswire.com,Male
57,Udale,Falkner,ufalkner1k@xrea.com,Male
58,Edi,Flight,eflight1l@umn.edu,Female
59,Ansell,Ruffle,aruffle1m@hp.com,Male
60,Josey,Breede,jbreede1n@archive.org,Female
61,Barbara,Brecken,bbrecken1o@google.com.br,Female
62,Calla,Eymor,ceymor1p@virginia.edu,Female
63,Livvyy,Lundie,llundie1q@t-online.de,Female
64,Christin,Bogart,cbogart1r@yellowbook.com,Female
65,Caressa,Treasure,ctreasure1s@fastcompany.com,Female
66,Avis,Obbard,aobbard1t@shinystat.com,Female
67,Sheree,Headon,sheadon1u@examiner.com,Female
68,Bernelle,Zannini,bzannini1v@shareasale.com,Female
69,Zola,Puddle,zpuddle1w@seesaa.net,Female
70,Quinn,Longdon,qlongdon1x@scribd.com,Female
71,Raphael,Donat,rdonat1y@accuweather.com,Male
72,Ema,Kolinsky,ekolinsky1z@aboutads.info,Female
73,Anthiathia,Fockes,afockes20@answers.com,Female
74,Stefano,Gavozzi,sgavozzi21@fda.gov,Male
75,Elia,Musla,emusla22@auda.org.au,Male
76,Tommie,Ashbridge,tashbridge23@unc.edu,Male
77,Claudelle,Kment,ckment24@unicef.org,Female
78,Libbey,Clurow,lclurow25@bloomberg.com,Female
79,Gerry,Grist,ggrist26@ovh.net,Male
80,Staci,Oldrey,soldrey27@hc360.com,Female
81,Flory,Rennocks,frennocks28@mediafire.com,Female
82,Moe,Cerith,mcerith29@ameblo.jp,Male
83,Zsa zsa,Leftridge,zleftridge2a@cnbc.com,Female
84,Chilton,Simkovitz,csimkovitz2b@marriott.com,Male
85,Hogan,Gifford,hgifford2c@upenn.edu,Male
86,Sally,Faithorn,sfaithorn2d@wp.com,Female
87,Finn,Gentreau,fgentreau2e@npr.org,Male
88,Farra,Lune,flune2f@stanford.edu,Female
89,Niven,McAvaddy,nmcavaddy2g@sourceforge.net,Male
90,Edward,Kunneke,ekunneke2h@symantec.com,Male
91,Maurice,Murrthum,mmurrthum2i@shop-pro.jp,Male
92,Adara,Hopfer,ahopfer2j@smugmug.com,Female
93,Bancroft,Rippingall,brippingall2k@cdbaby.com,Male
94,Pryce,Judgkins,pjudgkins2l@netvibes.com,Male
95,Brnaby,Mizen,bmizen2m@mozilla.com,Male
96,Adorne,Southward,asouthward2n@sourceforge.net,Female
97,Markus,Glasser,mglasser2o@wikispaces.com,Male
98,Sherwin,Vigors,svigors2p@privacy.gov.au,Male
99,Waly,Wick,wwick2q@about.me,Female
100,Gram,McSkeagan,gmcskeagan2r@bloglines.com,Male
101,Genvieve,Spatarul,gspatarul2s@blinklist.com,Female
102,Denny,Costell,dcostell2t@cocolog-nifty.com,Male
103,Lil,Pincott,lpincott2u@paginegialle.it,Female
104,Vernen,Tanton,vtanton2v@cam.ac.uk,Male
105,Vasily,Le Sarr,vlesarr2w@biblegateway.com,Male
106,Sibel,Stratz,sstratz2x@independent.co.uk,Female
107,Hamlin,Poulden,hpoulden2y@csmonitor.com,Male
108,Joletta,Brotherwood,jbrotherwood2z@godaddy.com,Female
109,Cherish,Filmer,cfilmer30@com.com,Female
110,Justis,Tindall,jtindall31@hibu.com,Male
111,Jorge,Cullingworth,jcullingworth32@slate.com,Male
112,Essie,Rowbury,erowbury33@networksolutions.com,Female
113,Rozina,Dumsday,rdumsday34@mapy.cz,Female
114,Carmina,Pashen,cpashen35@ow.ly,Female
115,Bran,Murrigans,bmurrigans36@live.com,Male
116,Vachel,Clair,vclair37@wikispaces.com,Male
117,Leisha,Dickie,ldickie38@smugmug.com,Female
118,Dunc,Akerman,dakerman39@cbslocal.com,Male
119,Leland,Maryott,lmaryott3a@t.co,Male
120,Yanaton,Hiseman,yhiseman3b@is.gd,Male
121,Zach,Arnason,zarnason3c@bloglovin.com,Male
122,Audrye,Raith,araith3d@typepad.com,Female
123,Caty,Rappaport,crappaport3e@apple.com,Female
124,Jehanna,Millward,jmillward3f@sakura.ne.jp,Female
125,Waiter,Carde,wcarde3g@berkeley.edu,Male
126,Curtice,Minette,cminette3h@feedburner.com,Male
127,Errick,Weerdenburg,eweerdenburg3i@businessweek.com,Male
128,Elmo,Moraleda,emoraleda3j@wiley.com,Male
129,Karlik,Jobbins,kjobbins3k@last.fm,Male
130,Jaquenetta,Fyfe,jfyfe3l@cbslocal.com,Female
131,Chucho,Syrad,csyrad3m@blogger.com,Male
132,Bud,Joselevitch,bjoselevitch3n@mac.com,Male
133,Lyndsay,Rimington,lrimington3o@mail.ru,Female
134,Steffi,Angrove,sangrove3p@eventbrite.com,Female
135,Sterling,Crockett,scrockett3q@yale.edu,Male
136,Bertrand,Meachem,bmeachem3r@yelp.com,Male
137,Frayda,Mathivon,fmathivon3s@eepurl.com,Female
138,Brooks,Giovannacc@i,bgiovannacci3t@ibm.com,Female
139,Kelcy,Basill,kbasill3u@booking.com,Female
140,Neala,Ollivierre,nollivierre3v@aol.com,Female
141,Neddy,Macilhench,nmacilhench3w@cornell.edu,Male
142,Joane,Malter,jmalter3x@phpbb.com,Female
143,Steffane,Caldero,scaldero3y@amazon.com,Female
144,Dari,Scudamore,dscudamore3z@senate.gov,Female
145,Eleni,Lowten,elowten40@prnewswire.com,Female
146,Clayborn,Giovanazzi,cgiovanazzi41@ucoz.ru,Male
147,Antoni,Bryan,abryan42@about.com,Male
148,Emelen,Tarn,etarn43@studiopress.com,Male
149,Carleton,Thewlis,cthewlis44@i2i.jp,Male
150,Ynez,Jeaycock,yjeaycock45@pinterest.com,Female
151,Janeczka,Bulman,jbulman46@t-online.de,Female
152,Gonzalo,Prozillo,gprozillo47@de.vu,Male
153,Blakelee,Domenici,bdomenici48@biblegateway.com,Female
154,Van,Boxill,vboxill49@wisc.edu,Male
155,Tobias,Boyer,tboyer4a@rediff.com,Male
156,Art,Brearty,abrearty4b@census.gov,Male
157,Mommy,Gainor,mgainor4c@shop-pro.jp,Female
158,Gunar,Stovold,gstovold4d@behance.net,Male
159,Jarib,Houndesome,jhoundesome4e@archive.org,Male
160,Moina,Souster,msouster4f@fc2.com,Female
161,Kaja,Filler,kfiller4g@oracle.com,Female
162,Simon,Oulet,soulet4h@weebly.com,Male
163,Sullivan,Sallings,ssallings4i@opera.com,Male
164,Stacey,Oene,soene4j@wisc.edu,Female
165,Cissy,Rooze,crooze4k@amazon.co.uk,Female
166,Darla,Atlay,datlay4l@answers.com,Female
167,Olivia,Dumper,odumper4m@sbwire.com,Female
168,Brewer,Ceci,bceci4n@indiegogo.com,Male
169,Kristofer,Dibble,kdibble4o@themeforest.net,Male
170,Baron,Maylott,bmaylott4p@is.gd,Male
171,Pen,Caccavale,pcaccavale4q@stanford.edu,Female
172,Meredeth,McCallion,mmccallion4r@live.com,Male
173,Maryanna,Champken,mchampken4s@auda.org.au,Female
174,Chelsey,Derill,cderill4t@cyberchimps.com,Female
175,Aidan,Saterthwait,asaterthwait4u@wp.com,Female
176,Des,Alexsandrev,dalexsandrev4v@examiner.com,Male
177,Becky,Dible,bdible4w@marriott.com,Female
178,Erastus,Iddison,eiddison4x@arstechnica.com,Male
179,Freddi,Iacovacci,fiacovacci4y@1688.com,Female
180,Goober,Knowles,gknowles4z@purevolume.com,Male
181,Hersh,McInteer,hmcinteer50@imgur.com,Male
182,Hattie,Lorie,hlorie51@cafepress.com,Female
183,Milty,Duignan,mduignan52@cargocollective.com,Male
184,Roberta,Epine,repine53@gizmodo.com,Female
185,Lemmie,Gooderick,lgooderick54@bigcartel.com,Male
186,Valdemar,Coffin,vcoffin55@ed.gov,Male
187,Addison,McMeekin,amcmeekin56@51.la,Male
188,Newton,McKimm,nmckimm57@mediafire.com,Male
189,Keslie,Stollman,kstollman58@umich.edu,Female
190,Alessandra,Linacre,alinacre59@ebay.co.uk,Female
191,Herb,Snalham,hsnalham5a@elpais.com,Male
192,Dimitry,Pakeman,dpakeman5b@rediff.com,Male
193,Durand,Tidbury,dtidbury5c@pagesperso-orange.fr,Male
194,Berenice,Godlip,bgodlip5d@unblog.fr,Female
195,Bogart,Baudin,bbaudin5e@linkedin.com,Male
196,Dulci,Kibard,dkibard5f@devhub.com,Female
197,Finn,De Roos,fderoos5g@discovery.com,Male
198,Garfield,Grob,ggrob5h@flickr.com,Male
199,Delano,Giovanardi,dgiovanardi5i@about.com,Male
200,Livvie,Bernlin,lbernlin5j@flavors.me,Female
201,Ricardo,Gilbert,rgilbert5k@go.com,Male
202,Meara,Hainge,mhainge5l@wikimedia.org,Female
203,Sylvan,Marrill,smarrill5m@g.co,Male
204,Krisha,Horrell,khorrell5n@xrea.com,Male
205,Zerk,Crumby,zcrumby5o@oracle.com,Male
206,Gertrudis,Bringloe,gbringloe5p@php.net,Female
207,Winny,Loudon,wloudon5q@merriam-webster.com,Male
208,Adelaida,Batcheldor,abatcheldor5r@lycos.com,Female
209,Carmel,Laxen,claxen5s@yale.edu,Female
210,Yale,Tipping,ytipping5t@infoseek.co.jp,Male
211,Hamlin,Ife,hife5u@arizona.edu,Male
212,Beret,Baker,bbaker5v@yellowpages.com,Female
213,Meara,Baumford,mbaumford5w@mozilla.com,Female
214,Tristam,Woodworth,twoodworth5x@sciencedirect.com,Male
215,Wilton,Kimbly,wkimbly5y@theguardian.com,Male
216,Giorgio,Lowrey,glowrey5z@unesco.org,Male
217,Blake,Sidwell,bsidwell60@digg.com,Male
218,Mohandas,McQuorkell,mmcquorkell61@wufoo.com,Male
219,Ellynn,Sambeck,esambeck62@about.com,Female
220,Jacob,Height,jheight63@cam.ac.uk,Male
221,Sharleen,Fennelow,sfennelow64@imdb.com,Female
222,Raphaela,Corton,rcorton65@usda.gov,Female
223,Archibald,MacColgan,amaccolgan66@whitehouse.gov,Male
224,Aprilette,Chasmor,achasmor67@virginia.edu,Female
225,Cassy,Hansom,chansom68@utexas.edu,Female
226,Gerhardt,Gittins,ggittins69@discovery.com,Male
227,Anabel,Barbrook,abarbrook6a@boston.com,Female
228,Cesaro,Waberer,cwaberer6b@meetup.com,Male
229,Tobe,Tuplin,ttuplin6c@businessweek.com,Male
230,Anton,Mancell,amancell6d@about.me,Male
231,Carolan,Melburg,cmelburg6e@jiathis.com,Female
232,Drusi,Hugli,dhugli6f@issuu.com,Female
233,Kristofor,Allpress,kallpress6g@istockphoto.com,Male
234,Gaby,Lothean,glothean6h@altervista.org,Female
235,Clary,Sykes,csykes6i@ovh.net,Female
236,Dniren,Manville,dmanville6j@statcounter.com,Female
237,Vincents,Kennea,vkennea6k@g.co,Male
238,Maura,Copcote,mcopcote6l@baidu.com,Female
239,Idell,Thurling,ithurling6m@wikipedia.org,Female
240,Abbie,Ledrun,aledrun6n@blinklist.com,Female
241,Ransom,Carney,rcarney6o@google.es,Male
242,Debby,Grishankov,dgrishankov6p@tiny.cc,Female
243,Idette,Casey,icasey6q@netscape.com,Female
244,Erna,Couch,ecouch6r@nhs.uk,Female
245,Prue,Jerdan,pjerdan6s@rakuten.co.jp,Female
246,Jacynth,Rohan,jrohan6t@bizjournals.com,Female
247,D'arcy,Poter,dpoter6u@yellowbook.com,Male
248,Orland,Waight,owaight6v@imageshack.us,Male
249,Anastassia,Hannaby,ahannaby6w@alexa.com,Female
250,Yurik,Danbye,ydanbye6x@vinaora.com,Male
251,Lilly,Amiss,lamiss6y@webs.com,Female
252,Crichton,Celler,cceller6z@wsj.com,Male
253,Clayton,Lobbe,clobbe70@columbia.edu,Male
254,Eduard,Joust,ejoust71@canalblog.com,Male
255,Temp,Batsford,tbatsford72@weather.com,Male
256,Barbabas,Broun,bbroun73@google.co.uk,Male
257,Cullie,Micklewicz,cmicklewicz74@hud.gov,Male
258,Gaspar,Deveril,gdeveril75@bloomberg.com,Male
259,Noe,Godart,ngodart76@google.es,Male
260,Agace,Sapauton,asapauton77@ted.com,Female
261,Aldous,Haggar,ahaggar78@purevolume.com,Male
262,Albie,Rawlcliffe,arawlcliffe79@behance.net,Male
263,Web,Writtle,wwrittle7a@xing.com,Male
264,Renado,Guerre,rguerre7b@columbia.edu,Male
265,Beltran,Goodram,bgoodram7c@newyorker.com,Male
266,Ewell,Hooke,ehooke7d@globo.com,Male
267,Samara,Crambie,scrambie7e@cbslocal.com,Female
268,Giana,Essery,gessery7f@elpais.com,Female
269,Maximilian,Dobsons,mdobsons7g@businesswire.com,Male
270,Jarrad,Harvison,jharvison7h@gmpg.org,Male
271,Pavel,Valentin,pvalentin7i@weebly.com,Male
272,Pembroke,McLanaghan,pmclanaghan7j@cloudflare.com,Male
273,Minda,Mash,mmash7k@gov.uk,Female
274,Gaven,Gerbi,ggerbi7l@51.la,Male
275,Sebastien,Risebrow,srisebrow7m@utexas.edu,Male
276,Roscoe,Kleinstub,rkleinstub7n@eventbrite.com,Male
277,Jacinta,Beamson,jbeamson7o@deliciousdays.com,Female
278,Klarrisa,Sunshine,ksunshine7p@elpais.com,Female
279,Merla,Ingram,mingram7q@oaic.gov.au,Female
280,Janel,Posselow,jposselow7r@wsj.com,Female
281,Lay,Burling,lburling7s@mail.ru,Male
282,Lindsay,Blodgetts,lblodgetts7t@tamu.edu,Female
283,Calley,Pechan,cpechan7u@amazon.de,Female
284,Damara,Giddons,dgiddons7v@digg.com,Female
285,Paquito,Matzkaitis,pmatzkaitis7w@sciencedaily.com,Male
286,Jacklyn,Figgins,jfiggins7x@constantcontact.com,Female
287,Jacquette,Saffe,jsaffe7y@digg.com,Female
288,Myrwyn,Breton,mbreton7z@reuters.com,Male
289,Chaunce,Rupel,crupel80@ox.ac.uk,Male
290,Gianni,Fearby,gfearby81@bloglovin.com,Male
291,Amara,Newe,anewe82@irs.gov,Female
292,Normy,Huge,nhuge83@github.io,Male
293,Neils,McTrustram,nmctrustram84@infoseek.co.jp,Male
294,Kathy,Pardey,kpardey85@dailymotion.com,Female
295,Cindi,De Malchar,cdemalchar86@usatoday.com,Female
296,Marilee,Rispin,mrispin87@stanford.edu,Female
297,Dun,Costen,dcosten88@unc.edu,Male
298,Loralee,Cheetam,lcheetam89@meetup.com,Female
299,Kore,Phippin,kphippin8a@google.com.au,Female
300,Cassie,Maulden,cmaulden8b@bloglines.com,Male
301,Bil,Hairsine,bhairsine8c@aboutads.info,Male
302,Nancey,Wannan,nwannan8d@baidu.com,Female
303,Esma,Moncur,emoncur8e@nasa.gov,Female
304,Keven,Tombleson,ktombleson8f@seesaa.net,Male
305,Merrilee,Wrightem,mwrightem8g@blogspot.com,Female
306,Ronny,Heineke,rheineke8h@dell.com,Male
307,Em,Wilbud,ewilbud8i@mayoclinic.com,Male
308,Tonya,Anthon,tanthon8j@youtu.be,Female
309,Jeffie,Lebell,jlebell8k@skyrock.com,Male
310,Tildie,Patinkin,tpatinkin8l@huffingtonpost.com,Female
311,Gabrielle,Stitson,gstitson8m@wordpress.org,Female
312,Kris,Gedling,kgedling8n@chronoengine.com,Male
313,Linnell,Denison,ldenison8o@wikimedia.org,Female
314,Raimundo,Nevitt,rnevitt8p@hp.com,Male
315,Lark,Pachta,lpachta8q@aboutads.info,Female
316,Ruthy,Boulding,rboulding8r@flickr.com,Female
317,Monique,Delooze,mdelooze8s@nasa.gov,Female
318,Loren,Langelaan,llangelaan8t@rediff.com,Male
319,Edeline,Milstead,emilstead8u@state.gov,Female
320,Howey,Keeble,hkeeble8v@upenn.edu,Male
321,Kelcey,Sides,ksides8w@sun.com,Female
322,Lucretia,Vuitte,lvuitte8x@icq.com,Female
323,Cesya,Ambrosetti,cambrosetti8y@nsw.gov.au,Female
324,Dorelle,Brasner,dbrasner8z@businessinsider.com,Female
325,Linnet,Van Vuuren,lvanvuuren90@example.com,Female
326,Forster,Sima,fsima91@uiuc.edu,Male
327,Sherry,Shanklin,sshanklin92@shinystat.com,Female
328,Lorita,Byrch,lbyrch93@about.me,Female
329,Alvan,Hoult,ahoult94@tinypic.com,Male
330,Opalina,Coneley,oconeley95@shareasale.com,Female
331,Fair,Benstead,fbenstead96@netlog.com,Male
332,Ivonne,Kermitt,ikermitt97@i2i.jp,Female
333,Udell,Boribal,uboribal98@gizmodo.com,Male
334,Sonnie,Schmuhl,sschmuhl99@senate.gov,Male
335,Demeter,Ledgister,dledgister9a@macromedia.com,Female
336,Rivalee,Lightbody,rlightbody9b@auda.org.au,Female
337,Conney,Crewe,ccrewe9c@mapquest.com,Male
338,Juliann,Bools,jbools9d@reverbnation.com,Female
339,Nero,Braban,nbraban9e@wikimedia.org,Male
340,Lacie,Meeland,lmeeland9f@privacy.gov.au,Female
341,Simonne,Peacey,speacey9g@engadget.com,Female
342,Giuseppe,Jinks,gjinks9h@multiply.com,Male
343,Craig,Eastabrook,ceastabrook9i@dropbox.com,Male
344,Luce,Tamblingson,ltamblingson9j@chron.com,Male
345,Lanna,MacQuarrie,lmacquarrie9k@soundcloud.com,Female
346,Etty,Curley,ecurley9l@stanford.edu,Female
347,Jannel,Whitticks,jwhitticks9m@sun.com,Female
348,Dougie,Limb,dlimb9n@icio.us,Male
349,Meggy,Runcie,mruncie9o@deliciousdays.com,Female
350,Addie,Lorans,alorans9p@narod.ru,Male
351,Adham,Tart,atart9q@yellowbook.com,Male
352,Merle,Aldcorne,maldcorne9r@cpanel.net,Male
353,Archaimbaud,Birtles,abirtles9s@homestead.com,Male
354,Page,Miquelet,pmiquelet9t@chron.com,Male
355,Charlean,Everit,ceverit9u@hc360.com,Female
356,Jabez,Colegate,jcolegate9v@mayoclinic.com,Male
357,Eirena,MacKaig,emackaig9w@timesonline.co.uk,Female
358,Kaylil,Gimblett,kgimblett9x@forbes.com,Female
359,Ode,Scadding,oscadding9y@lulu.com,Male
360,Aaron,Nisuis,anisuis9z@cisco.com,Male
361,Rhodia,Hillitt,rhillitta0@de.vu,Female
362,Hamnet,Chinery,hchinerya1@cornell.edu,Male
363,Clarke,Campling,ccamplinga2@google.cn,Male
364,Maren,Piborn,mpiborna3@loc.gov,Female
365,Vikky,Jest,vjesta4@arstechnica.com,Female
366,Lauraine,Mansour,lmansoura5@google.fr,Female
367,Davon,Blaydon,dblaydona6@dmoz.org,Male
368,Timmie,Moakler,tmoaklera7@geocities.jp,Female
369,Marvin,Desforges,mdesforgesa8@abc.net.au,Male
370,Kaspar,Caustick,kcausticka9@behance.net,Male
371,Donny,Portriss,dportrissaa@springer.com,Male
372,Annetta,Exrol,aexrolab@nymag.com,Female
373,Kristofer,Darville,kdarvilleac@soup.io,Male
374,Carla,Bunyard,cbunyardad@ucoz.com,Female
375,Geoffry,Mathys,gmathysae@europa.eu,Male
376,Selig,Jiggle,sjiggleaf@alexa.com,Male
377,Miof mela,Jeandon,mjeandonag@behance.net,Female
378,Heinrik,Pollett,hpollettah@lulu.com,Male
379,Clayton,Grinston,cgrinstonai@qq.com,Male
380,Abramo,Dolley,adolleyaj@miitbeian.gov.cn,Male
381,Dalton,Moncaster,dmoncasterak@geocities.jp,Male
382,Kirsten,Gilfether,kgilfetheral@e-recht24.de,Female
383,Hamid,Burton,hburtonam@addtoany.com,Male
384,Matti,Russe,mrussean@sourceforge.net,Female
385,Licha,Mathiassen,lmathiassenao@archive.org,Female
386,Florella,Dominetti,fdominettiap@npr.org,Female
387,Quintus,Barbera,qbarberaaq@elegantthemes.com,Male
388,Meir,Fennell,mfennellar@mlb.com,Male
389,Denice,Orr,dorras@wix.com,Female
390,Constantine,Aronstam,caronstamat@tinypic.com,Female
391,Karilynn,Braben,kbrabenau@usatoday.com,Female
392,Esme,Johncey,ejohnceyav@geocities.jp,Male
393,Will,Bowlands,wbowlandsaw@sphinn.com,Male
394,Drugi,Attwill,dattwillax@paginegialle.it,Male
395,Timoteo,Haw,thaway@dyndns.org,Male
396,Mendy,Cranham,mcranhamaz@cbsnews.com,Male
397,Laurens,Dossantos,ldossantosb0@fotki.com,Male
398,Jerrylee,Wicklen,jwicklenb1@tinyurl.com,Female
399,Claiborne,Roubert,croubertb2@geocities.com,Male
400,Goldia,Shurville,gshurvilleb3@springer.com,Female
401,Jenna,Bernth,jbernthb4@cdc.gov,Female
402,Blakelee,Frontczak,bfrontczakb5@prlog.org,Female
403,Lockwood,Litherland,llitherlandb6@stanford.edu,Male
404,Chrotoem,Hintze,chintzeb7@ed.gov,Male
405,Lannie,Daniel,ldanielb8@sina.com.cn,Male
406,Rozanne,Seydlitz,rseydlitzb9@cnbc.com,Female
407,Izak,Ceschelli,iceschelliba@surveymonkey.com,Male
408,Saraann,Calow,scalowbb@princeton.edu,Female
409,Kenneth,Downie,kdowniebc@mashable.com,Male
410,Marlon,Spencook,mspencookbd@spiegel.de,Male
411,Pearce,Katte,pkattebe@msn.com,Male
412,Abbott,Thorneley,athorneleybf@deliciousdays.com,Male
413,Herby,Mostyn,hmostynbg@wired.com,Male
414,Tristam,Miche,tmichebh@whitehouse.gov,Male
415,Hilliard,Nutbeam,hnutbeambi@foxnews.com,Male
416,Clarette,Skeech,cskeechbj@t-online.de,Female
417,Horatio,Joslyn,hjoslynbk@over-blog.com,Male
418,Jori,Broodes,jbroodesbl@auda.org.au,Female
419,Jeanette,Cannell,jcannellbm@icq.com,Female
420,Glenden,Lydon,glydonbn@dot.gov,Male
421,Woody,Quant,wquantbo@adobe.com,Male
422,Fidole,Jozaitis,fjozaitisbp@constantcontact.com,Male
423,Adam,MacEnelly,amacenellybq@technorati.com,Male
424,Karon,Guarin,kguarinbr@who.int,Female
425,Rafael,Artharg,rarthargbs@cbslocal.com,Male
426,Lammond,Pecha,lpechabt@alibaba.com,Male
427,Jeddy,Tagg,jtaggbu@ycombinator.com,Male
428,Griswold,Dowyer,gdowyerbv@dmoz.org,Male
429,Darya,Wybrew,dwybrewbw@arstechnica.com,Female
430,Coraline,Burtonshaw,cburtonshawbx@feedburner.com,Female
431,Dwayne,Popland,dpoplandby@weather.com,Male
432,Dacia,Owen,dowenbz@macromedia.com,Female
433,Magdalene,Struttman,mstruttmanc0@github.io,Female
434,Mario,Soppitt,msoppittc1@ning.com,Male
435,Royce,Stirgess,rstirgessc2@apache.org,Male
436,Worthington,Franciskiewicz,wfranciskiewiczc3@xinhuanet.com,Male
437,Isaiah,Doxey,idoxeyc4@booking.com,Male
438,Judd,Faucherand,jfaucherandc5@mapy.cz,Male
439,Chlo,Emeny,cemenyc6@wunderground.com,Female
440,Darryl,Willars,dwillarsc7@usa.gov,Male
441,Trudi,Beebis,tbeebisc8@reddit.com,Female
442,Clarita,Gouda,cgoudac9@phpbb.com,Female
443,Hyacinthe,Dearlove,hdearloveca@google.ru,Female
444,Tedra,Swalteridge,tswalteridgecb@house.gov,Female
445,Josias,Danilov,jdanilovcc@cnn.com,Male
446,Odey,Gawith,ogawithcd@europa.eu,Male
447,Shell,Hockey,shockeyce@alibaba.com,Female
448,Barthel,Blaisdell,bblaisdellcf@java.com,Male
449,Victor,Minards,vminardscg@soup.io,Male
450,Donavon,Loomes,dloomesch@cdc.gov,Male
451,Salomone,McPhillimey,smcphillimeyci@tripod.com,Male
452,Elfrieda,Tavernor,etavernorcj@columbia.edu,Female
453,Marrissa,Vezey,mvezeyck@example.com,Female
454,Anabal,Catterick,acatterickcl@mayoclinic.com,Female
455,Karissa,Woodall,kwoodallcm@illinois.edu,Female
456,Torre,Gallard,tgallardcn@ycombinator.com,Male
457,Iver,Baynton,ibayntonco@adobe.com,Male
458,Eimile,Jelley,ejelleycp@comcast.net,Female
459,Tierney,Farfull,tfarfullcq@cnbc.com,Female
460,Ambrosio,Barkes,abarkescr@unesco.org,Male
461,Thorn,Laphorn,tlaphorncs@printfriendly.com,Male
462,Carina,Gostyke,cgostykect@craigslist.org,Female
463,Mommy,Bogays,mbogayscu@chicagotribune.com,Female
464,Kinny,Torrans,ktorranscv@jigsy.com,Male
465,Roslyn,Butchers,rbutcherscw@soundcloud.com,Female
466,Glennis,Salandino,gsalandinocx@salon.com,Female
467,Fredrika,Kilbride,fkilbridecy@360.cn,Female
468,Zulema,Stubbes,zstubbescz@tiny.cc,Female
469,Helli,Josuweit,hjosuweitd0@amazon.de,Female
470,Ertha,Bailiss,ebailissd1@yolasite.com,Female
471,Hermy,Kilcullen,hkilcullend2@artisteer.com,Male
472,Kalinda,Maple,kmapled3@boston.com,Female
473,Heall,Joules,hjoulesd4@flickr.com,Male
474,Cy,Royste,croysted5@ihg.com,Male
475,Bobine,Garrison,bgarrisond6@google.com.au,Female
476,Demetris,Iacomi,diacomid7@illinois.edu,Male
477,Tawnya,Allbon,tallbond8@accuweather.com,Female
478,Suzanna,Ballentime,sballentimed9@thetimes.co.uk,Female
479,Maxine,Tinniswood,mtinniswoodda@rediff.com,Female
480,Gun,Rozalski,grozalskidb@people.com.cn,Male
481,Becki,McKeowon,bmckeowondc@discuz.net,Female
482,Robin,Sherrard,rsherrarddd@artisteer.com,Female
483,Homere,Roscow,hroscowde@latimes.com,Male
484,Carissa,Maplethorp,cmaplethorpdf@canalblog.com,Female
485,Michelina,Pavluk,mpavlukdg@blogtalkradio.com,Female
486,Mendy,Koubek,mkoubekdh@ezinearticles.com,Male
487,Melly,Smouten,msmoutendi@tamu.edu,Female
488,Skip,Aubray,saubraydj@reverbnation.com,Male
489,Sherline,Bilt,sbiltdk@creativecommons.org,Female
490,Shandee,Foch,sfochdl@mit.edu,Female
491,Cathe,Treadaway,ctreadawaydm@parallels.com,Female
492,Lisetta,Yoxall,lyoxalldn@imgur.com,Female
493,Kristos,Goodwin,kgoodwindo@hp.com,Male
494,Dolph,Dabes,ddabesdp@google.fr,Male
495,Estel,McCadden,emccaddendq@statcounter.com,Female
496,Burgess,Renney,brenneydr@stanford.edu,Male
497,Benedikta,Jarmyn,bjarmynds@friendfeed.com,Female
498,Shaughn,Swinney,sswinneydt@istockphoto.com,Male
499,Vic,Sibthorpe,vsibthorpedu@netlog.com,Male
500,Edmon,Brouwer,ebrouwerdv@noaa.gov,Male
501,Gerrilee,Peatt,gpeattdw@nsw.gov.au,Female
502,Gwyneth,Gavrielly,ggavriellydx@uol.com.br,Female
503,Karly,Lorait,kloraitdy@sun.com,Female
504,Lorne,Rudall,lrudalldz@angelfire.com,Female
505,Jeremiah,Roblin,jrobline0@shinystat.com,Male
506,Egor,Beamont,ebeamonte1@google.ru,Male
507,Ceciley,Burtwistle,cburtwistlee2@latimes.com,Female
508,Celinda,Naton,cnatone3@shareasale.com,Female
509,Nora,Lofthouse,nlofthousee4@sun.com,Female
510,Fionna,Valero,fvaleroe5@theatlantic.com,Female
511,Skip,Yarker,syarkere6@scientificamerican.com,Male
512,Edmon,Mein,emeine7@pagesperso-orange.fr,Male
513,Audrey,Gwilliam,agwilliame8@1688.com,Female
514,Mirabelle,Lempertz,mlempertze9@aol.com,Female
515,Emmalynne,Gabotti,egabottiea@unesco.org,Female
516,Shellysheldon,Chilton,schiltoneb@spotify.com,Male
517,Kaitlin,Roubeix,kroubeixec@amazon.de,Female
518,Jacinda,Iuorio,jiuorioed@usgs.gov,Female
519,Nye,Gregoire,ngregoireee@ow.ly,Male
520,Rebe,Banton,rbantonef@upenn.edu,Female
521,Bryn,Enochsson,benochssoneg@msn.com,Female
522,Matthaeus,Kienlein,mkienleineh@themeforest.net,Male
523,Gwynne,Gownge,ggowngeei@wix.com,Female
524,Robby,Salaman,rsalamanej@clickbank.net,Male
525,Liva,Canfield,lcanfieldek@google.pl,Female
526,Rhea,Fransson,rfranssonel@aboutads.info,Female
527,Lonnie,Jeffrey,ljeffreyem@meetup.com,Female
528,Raddie,Drew,rdrewen@fema.gov,Male
529,Loella,Prosser,lprossereo@mtv.com,Female
530,Odilia,Crichmer,ocrichmerep@xing.com,Female
531,Elvira,Minney,eminneyeq@e-recht24.de,Female
532,Rawley,Manns,rmannser@yellowbook.com,Male
533,Trumann,MacAleese,tmacaleesees@zdnet.com,Male
534,Steve,Mance,smanceet@epa.gov,Male
535,Samara,Bresnahan,sbresnahaneu@tripod.com,Female
536,Rees,De Cleyne,rdecleyneev@dailymotion.com,Male
537,Caroljean,Tomkins,ctomkinsew@pen.io,Female
538,Addie,Brisard,abrisardex@acquirethisname.com,Female
539,Shermy,Brabender,sbrabenderey@constantcontact.com,Male
540,Kenyon,Brotherhood,kbrotherhoodez@nasa.gov,Male
541,Lesli,Yurlov,lyurlovf0@bbb.org,Female
542,Mirabel,Wilfinger,mwilfingerf1@de.vu,Female
543,April,Poynton,apoyntonf2@tumblr.com,Female
544,Alina,Ipsly,aipslyf3@mapy.cz,Female
545,Wilden,Polland,wpollandf4@deviantart.com,Male
546,Hedi,Chifney,hchifneyf5@imdb.com,Female
547,Ephraim,Hadwen,ehadwenf6@adobe.com,Male
548,Vanya,Ledbury,vledburyf7@npr.org,Female
549,Gasparo,Aldritt,galdrittf8@webmd.com,Male
550,Eberhard,Pury,epuryf9@arizona.edu,Male
551,Verge,Manley,vmanleyfa@vkontakte.ru,Male
552,Tirrell,Macak,tmacakfb@yale.edu,Male
553,Ralf,Brafferton,rbraffertonfc@prnewswire.com,Male
554,Seumas,Basnett,sbasnettfd@huffingtonpost.com,Male
555,Shae,Weinmann,sweinmannfe@cisco.com,Male
556,Pearl,Regus,pregusff@hp.com,Female
557,Saw,Saltsberger,ssaltsbergerfg@hexun.com,Male
558,Ramsay,Matyashev,rmatyashevfh@scientificamerican.com,Male
559,Winthrop,Salisbury,wsalisburyfi@usnews.com,Male
560,Ugo,Gullan,ugullanfj@drupal.org,Male
561,Bernardine,Claricoats,bclaricoatsfk@senate.gov,Female
562,Geno,Choffin,gchoffinfl@usa.gov,Male
563,Cary,Doggerell,cdoggerellfm@soup.io,Male
564,Bendicty,Bowyer,bbowyerfn@ask.com,Male
565,Cyndy,Megroff,cmegrofffo@arizona.edu,Female
566,Biddie,Luker,blukerfp@redcross.org,Female
567,Ania,Ferrillio,aferrilliofq@goodreads.com,Female
568,Magda,Derry,mderryfr@sohu.com,Female
569,Malva,Sabatier,msabatierfs@pcworld.com,Female
570,Jerrie,Coleyshaw,jcoleyshawft@java.com,Female
571,Hillard,Olenikov,holenikovfu@marriott.com,Male
572,Dede,Rowbury,drowburyfv@github.com,Female
573,Noreen,Laughtisse,nlaughtissefw@gnu.org,Female
574,Madelene,Lettley,mlettleyfx@bluehost.com,Female
575,Lucilia,Timbridge,ltimbridgefy@sun.com,Female
576,Abelard,Beechcraft,abeechcraftfz@shutterfly.com,Male
577,Cori,Atheis,catheisg0@miitbeian.gov.cn,Female
578,Traci,Major,tmajorg1@jigsy.com,Female
579,Bennett,Atton,battong2@kickstarter.com,Male
580,Matthiew,Maxweell,mmaxweellg3@furl.net,Male
581,Lindy,Wilbor,lwilborg4@com.com,Female
582,Tiena,Lenchenko,tlenchenkog5@mail.ru,Female
583,Bron,Yepiskov,byepiskovg6@phoca.cz,Male
584,Averyl,Fuente,afuenteg7@tinypic.com,Female
585,Kelby,Poinsett,kpoinsettg8@fema.gov,Male
586,Tallie,Davidi,tdavidig9@linkedin.com,Male
587,Martita,Schaffel,mschaffelga@weather.com,Female
588,Arch,Delucia,adeluciagb@biblegateway.com,Male
589,Erskine,Geraldo,egeraldogc@360.cn,Male
590,Felicia,Haack,fhaackgd@1und1.de,Female
591,Curt,Dalgarnowch,cdalgarnowchge@ask.com,Male
592,Berenice,Schuchmacher,bschuchmachergf@blog.com,Female
593,Susann,Mitchiner,smitchinergg@desdev.cn,Female
594,Mortie,Bridge,mbridgegh@joomla.org,Male
595,Fowler,Abramovitz,fabramovitzgi@mlb.com,Male
596,Efren,Ingleson,einglesongj@aol.com,Male
597,Travis,Hodgin,thodgingk@bloglovin.com,Male
598,Constantino,Hardi,chardigl@parallels.com,Male
599,Dietrich,Holde,dholdegm@networkadvertising.org,Male
600,Vivia,Laweles,vlawelesgn@blog.com,Female
601,Lorenza,Vost,lvostgo@arstechnica.com,Female
602,Julienne,Chadwin,jchadwingp@cargocollective.com,Female
603,Florenza,Klass,fklassgq@intel.com,Female
604,Korey,Chatelet,kchateletgr@lycos.com,Male
605,Beniamino,McSparran,bmcsparrangs@nyu.edu,Male
606,Shirl,Chidzoy,schidzoygt@webnode.com,Female
607,Ali,Crimin,acrimingu@quantcast.com,Male
608,Jinny,Diggar,jdiggargv@cnet.com,Female
609,Emmott,Volk,evolkgw@dedecms.com,Male
610,Mikaela,Smartman,msmartmangx@prweb.com,Female
611,Ethelyn,Massot,emassotgy@bravesites.com,Female
612,Sheree,Goomes,sgoomesgz@dailymail.co.uk,Female
613,Mariska,Hirth,mhirthh0@nytimes.com,Female
614,Holly,Wombwell,hwombwellh1@ucoz.ru,Male
615,Helene,Queenborough,hqueenboroughh2@dailymail.co.uk,Female
616,Linc,Melrose,lmelroseh3@tamu.edu,Male
617,Cathleen,Lerven,clervenh4@cbslocal.com,Female
618,Harriot,Sloper,hsloperh5@about.com,Female
619,Tedi,Mahy,tmahyh6@squarespace.com,Female
620,Haleigh,Pietzker,hpietzkerh7@blogs.com,Female
621,Rutherford,Comi,rcomih8@ucoz.ru,Male
622,Terza,Wartnaby,twartnabyh9@ustream.tv,Female
623,Gerry,Nicholls,gnichollsha@slideshare.net,Female
624,Artair,Capponeer,acapponeerhb@godaddy.com,Male
625,Carma,Wards,cwardshc@comsenz.com,Female
626,Maxy,Padgett,mpadgetthd@huffingtonpost.com,Male
627,Cherilyn,Wardesworth,cwardesworthhe@goodreads.com,Female
628,Jaymie,Fieldsend,jfieldsendhf@cnbc.com,Male
629,Nari,Deane,ndeanehg@elegantthemes.com,Female
630,Jenn,Puleston,jpulestonhh@icio.us,Female
631,De,Frizzell,dfrizzellhi@abc.net.au,Female
632,Hayley,Whitehouse,hwhitehousehj@yale.edu,Female
633,Dana,Flello,dflellohk@washington.edu,Male
634,Holly,Gale,hgalehl@berkeley.edu,Male
635,Verne,Kohtler,vkohtlerhm@tamu.edu,Male
636,Hyacinth,Crates,hcrateshn@chronoengine.com,Female
637,Janelle,Matts,jmattsho@wikimedia.org,Female
638,Thedrick,Lowder,tlowderhp@paginegialle.it,Male
639,Denys,Noddles,dnoddleshq@dagondesign.com,Female
640,Katherina,Souttar,ksouttarhr@php.net,Female
641,Thorndike,Harmant,tharmanths@ucoz.ru,Male
642,Jessalin,Garwood,jgarwoodht@biblegateway.com,Female
643,Ker,Arendsen,karendsenhu@scientificamerican.com,Male
644,Bernice,Benoix,bbenoixhv@berkeley.edu,Female
645,Gard,Thonger,gthongerhw@patch.com,Male
646,Timmy,McOrkil,tmcorkilhx@statcounter.com,Male
647,Harley,Lamers,hlamershy@mit.edu,Female
648,Flynn,Brough,fbroughhz@squidoo.com,Male
649,Bartel,Addeycott,baddeycotti0@cocolog-nifty.com,Male
650,Lynnet,Manklow,lmanklowi1@cnbc.com,Female
651,Bryce,Barnes,bbarnesi2@hibu.com,Male
652,Melinda,Simionescu,msimionescui3@nba.com,Female
653,Rae,Uff,ruffi4@bbc.co.uk,Female
654,Aurora,Plaid,aplaidi5@friendfeed.com,Female
655,Vivianne,Dunaway,vdunawayi6@auda.org.au,Female
656,Antoine,Kinghorn,akinghorni7@addthis.com,Male
657,Brion,Olijve,bolijvei8@hugedomains.com,Male
658,Isidora,Heeley,iheeleyi9@hexun.com,Female
659,Georges,Morhall,gmorhallia@123-reg.co.uk,Male
660,Doug,Flarity,dflarityib@vistaprint.com,Male
661,Erv,Parkman,eparkmanic@senate.gov,Male
662,Osborn,Newbold,onewboldid@who.int,Male
663,Tamar,Windridge,twindridgeie@wikimedia.org,Female
664,Friedrich,Downer,fdownerif@washington.edu,Male
665,Neil,Patnelli,npatnelliig@meetup.com,Male
666,Sheilakathryn,Vasovic,svasovicih@usda.gov,Female
667,Dicky,Threadgould,dthreadgouldii@princeton.edu,Male
668,Liz,Drinkhill,ldrinkhillij@economist.com,Female
669,Rosalyn,Phelp,rphelpik@clickbank.net,Female
670,Dotti,Regus,dregusil@w3.org,Female
671,Debby,Ritchard,dritchardim@fema.gov,Female
672,Mab,Cashman,mcashmanin@skype.com,Female
673,Roxanna,Getsham,rgetshamio@about.me,Female
674,Lorry,Conahy,lconahyip@issuu.com,Female
675,Trisha,Annis,tannisiq@furl.net,Female
676,Halsy,Lemmanbie,hlemmanbieir@sitemeter.com,Male
677,Antoine,Koenraad,akoenraadis@opensource.org,Male
678,Hirsch,Quarlis,hquarlisit@google.co.uk,Male
679,Darren,Heamus,dheamusiu@posterous.com,Male
680,Kenna,Blasli,kblasliiv@soup.io,Female
681,Elbertine,McGookin,emcgookiniw@miibeian.gov.cn,Female
682,Thorn,Nenci,tnenciix@google.es,Male
683,Isabella,Gudgen,igudgeniy@amazonaws.com,Female
684,Neddie,Isaksson,nisakssoniz@answers.com,Male
685,Norrie,Clingoe,nclingoej0@marketwatch.com,Male
686,Maxy,Linnard,mlinnardj1@skyrock.com,Female
687,Bartholomew,Yanyushkin,byanyushkinj2@go.com,Male
688,Bonnibelle,Ianson,biansonj3@boston.com,Female
689,Tony,Westnedge,twestnedgej4@kickstarter.com,Male
690,Rosina,Brownhill,rbrownhillj5@ox.ac.uk,Female
691,Donny,Erasmus,derasmusj6@hostgator.com,Male
692,Willard,Bleaden,wbleadenj7@homestead.com,Male
693,Kristofor,De Ambrosis,kdeambrosisj8@devhub.com,Male
694,Seward,O'Hern,sohernj9@redcross.org,Male
695,Otis,Cuttler,ocuttlerja@sphinn.com,Male
696,Huntington,Medcalf,hmedcalfjb@diigo.com,Male
697,Lorant,Chatteris,lchatterisjc@fotki.com,Male
698,Meaghan,Jeggo,mjeggojd@51.la,Female
699,Gaspar,Kubek,gkubekje@irs.gov,Male
700,Vanni,Beaven,vbeavenjf@weather.com,Female
701,Jorgan,Frantzen,jfrantzenjg@epa.gov,Male
702,Gerhardt,McMoyer,gmcmoyerjh@psu.edu,Male
703,Calli,Byass,cbyassji@wikia.com,Female
704,Georgine,Whitman,gwhitmanjj@cnbc.com,Female
705,Hazlett,Manuely,hmanuelyjk@wisc.edu,Male
706,Dawna,Schruur,dschruurjl@yahoo.com,Female
707,Lorelle,Mapson,lmapsonjm@hubpages.com,Female
708,Stanislaw,O'Fogerty,sofogertyjn@geocities.com,Male
709,Sunshine,Stenners,sstennersjo@hibu.com,Female
710,Mayne,Bertouloume,mbertouloumejp@google.nl,Male
711,Dulsea,Berks,dberksjq@dropbox.com,Female
712,Rodie,Berceros,rbercerosjr@mapquest.com,Female
713,Barbabra,Grogona,bgrogonajs@zdnet.com,Female
714,Fergus,Gillise,fgillisejt@ow.ly,Male
715,Gennifer,Beddo,gbeddoju@theglobeandmail.com,Female
716,Nichol,Farrimond,nfarrimondjv@yelp.com,Female
717,Lani,Treverton,ltrevertonjw@creativecommons.org,Female
718,Corabelle,Jessep,cjessepjx@whitehouse.gov,Female
719,Gallard,Rutgers,grutgersjy@google.ca,Male
720,Brooks,Burless,bburlessjz@ted.com,Male
721,Temp,Churchyard,tchurchyardk0@arstechnica.com,Male
722,Carlyn,Middlemiss,cmiddlemissk1@booking.com,Female
723,Putnem,Skaife,pskaifek2@list-manage.com,Male
724,Roseline,Halfpenny,rhalfpennyk3@elpais.com,Female
725,Bonnee,Rosencwaig,brosencwaigk4@canalblog.com,Female
726,Brnaby,Bushell,bbushellk5@skyrock.com,Male
727,Tamma,Soulsby,tsoulsbyk6@mediafire.com,Female
728,Rora,Rawsen,rrawsenk7@utexas.edu,Female
729,Jermayne,Piletic,jpiletick8@nymag.com,Male
730,Uriah,Chevins,uchevinsk9@wix.com,Male
731,Randy,Stenton,rstentonka@myspace.com,Female
732,Pebrook,Cisland,pcislandkb@nature.com,Male
733,Jolene,Hillitt,jhillittkc@networkadvertising.org,Female
734,Rozalie,Iacovacci,riacovaccikd@squarespace.com,Female
735,Vitia,Apfelmann,vapfelmannke@redcross.org,Female
736,Tony,Jahncke,tjahnckekf@ed.gov,Female
737,Giorgia,Gatenby,ggatenbykg@chronoengine.com,Female
738,Orelle,Buglar,obuglarkh@utexas.edu,Female
739,Kerby,Pohl,kpohlki@go.com,Male
740,Hillier,Cramphorn,hcramphornkj@europa.eu,Male
741,Adeline,Poltun,apoltunkk@reuters.com,Female
742,Phylis,Loidl,ploidlkl@dedecms.com,Female
743,Cori,Oswell,coswellkm@issuu.com,Female
744,Savina,Chiplen,schiplenkn@hatena.ne.jp,Female
745,Giavani,Dahlborg,gdahlborgko@themeforest.net,Male
746,Bobbi,Abbado,babbadokp@jimdo.com,Female
747,Bren,Mannie,bmanniekq@statcounter.com,Female
748,Englebert,Esp,eespkr@surveymonkey.com,Male
749,Raychel,Shoebotham,rshoebothamks@stumbleupon.com,Female
750,Gerti,Puleque,gpulequekt@weebly.com,Female
751,Marcelo,Hauxby,mhauxbyku@free.fr,Male
752,Linn,Brozsset,lbrozssetkv@lulu.com,Male
753,Prudy,Adamovicz,padamoviczkw@artisteer.com,Female
754,Batsheva,Spalls,bspallskx@utexas.edu,Female
755,Angy,Tolotti,atolottiky@bigcartel.com,Female
756,Gill,Leyson,gleysonkz@goo.ne.jp,Male
757,Howard,Macari,hmacaril0@example.com,Male
758,Wendy,Bate,wbatel1@tumblr.com,Female
759,Dannel,Maddern,dmaddernl2@usda.gov,Male
760,Marci,Gabites,mgabitesl3@gizmodo.com,Female
761,Marika,Mitchell,mmitchelll4@senate.gov,Female
762,Tamas,Oherlihy,toherlihyl5@nba.com,Male
763,Nalani,Whittock,nwhittockl6@seattletimes.com,Female
764,Berny,Fishe,bfishel7@answers.com,Female
765,Bellanca,Mammatt,bmammattl8@soup.io,Female
766,Gordan,Leaman,gleamanl9@wordpress.com,Male
767,Trenna,Tofful,ttoffulla@skyrock.com,Female
768,Honor,Poxson,hpoxsonlb@goo.gl,Female
769,Sylas,Solano,ssolanolc@t-online.de,Male
770,Townie,Bargh,tbarghld@1688.com,Male
771,Bevin,Baudet,bbaudetle@alexa.com,Male
772,Orelie,Culley,oculleylf@sphinn.com,Female
773,Marika,Windebank,mwindebanklg@tripadvisor.com,Female
774,Maritsa,Matthewman,mmatthewmanlh@canalblog.com,Female
775,Frazier,Agus,fagusli@bluehost.com,Male
776,Clarinda,Beebis,cbeebislj@java.com,Female
777,Standford,Soda,ssodalk@netvibes.com,Male
778,Harley,Driussi,hdriussill@sbwire.com,Male
779,Theodore,Danjoie,tdanjoielm@redcross.org,Male
780,Aindrea,Pirrey,apirreyln@bbb.org,Female
781,Randa,Clubbe,rclubbelo@un.org,Female
782,Ron,Broe,rbroelp@businessinsider.com,Male
783,Alfons,Clemmensen,aclemmensenlq@ebay.co.uk,Male
784,Shalom,Downe,sdownelr@sciencedirect.com,Male
785,Cedric,Bearns,cbearnsls@who.int,Male
786,Vina,Muzzini,vmuzzinilt@homestead.com,Female
787,Corbett,Ayton,caytonlu@bizjournals.com,Male
788,Valentine,Styant,vstyantlv@edublogs.org,Female
789,Dori,Bradshaw,dbradshawlw@utexas.edu,Female
790,Thorn,Chrystal,tchrystallx@taobao.com,Male
791,Zacharias,Archibold,zarchiboldly@reverbnation.com,Male
792,Celeste,Goligher,cgoligherlz@cbslocal.com,Female
793,Martie,Ginie,mginiem0@symantec.com,Male
794,Peta,MacCallion,pmaccallionm1@123-reg.co.uk,Female
795,Jameson,Ketcher,jketcherm2@uol.com.br,Male
796,Louella,Castro,lcastrom3@123-reg.co.uk,Female
797,Jorgan,Bolstridge,jbolstridgem4@tripadvisor.com,Male
798,Zsa zsa,Nadin,znadinm5@google.nl,Female
799,Ardyth,Stebbings,astebbingsm6@weebly.com,Female
800,Raynor,Challoner,rchallonerm7@nasa.gov,Male
801,Ileana,Brass,ibrassm8@reference.com,Female
802,Phedra,Snoxall,psnoxallm9@dedecms.com,Female
803,Erika,Hazelden,ehazeldenma@fotki.com,Female
804,Harlen,Styles,hstylesmb@jiathis.com,Male
805,Nerita,Cantor,ncantormc@mac.com,Female
806,Brana,Mablestone,bmablestonemd@cargocollective.com,Female
807,Sandor,Motton,smottonme@ehow.com,Male
808,Camila,Leathley,cleathleymf@tinyurl.com,Female
809,Boigie,Oleksinski,boleksinskimg@hibu.com,Male
810,Ruprecht,Speechley,rspeechleymh@google.cn,Male
811,Ashlin,Condie,acondiemi@yandex.ru,Male
812,Anya,Guierre,aguierremj@vinaora.com,Female
813,Jimmy,Dyke,jdykemk@accuweather.com,Male
814,Fielding,Kubica,fkubicaml@goo.ne.jp,Male
815,Nicky,Suarez,nsuarezmm@sciencedaily.com,Female
816,Berkie,Horick,bhorickmn@blogspot.com,Male
817,Sayre,Grindley,sgrindleymo@vimeo.com,Male
818,Job,Ainsworth,jainsworthmp@nba.com,Male
819,Nisse,Jessup,njessupmq@businessinsider.com,Female
820,Isidoro,Vanyushkin,ivanyushkinmr@booking.com,Male
821,Sibelle,Venneur,svenneurms@deviantart.com,Female
822,Gibbie,Trillow,gtrillowmt@answers.com,Male
823,Carena,Camolli,ccamollimu@slideshare.net,Female
824,Ruperto,Karsh,rkarshmv@nationalgeographic.com,Male
825,Grata,Labbey,glabbeymw@tinypic.com,Female
826,Herve,Gras,hgrasmx@mayoclinic.com,Male
827,Florian,Hanretty,fhanrettymy@ibm.com,Male
828,Inness,Posse,ipossemz@pbs.org,Male
829,Brett,Treacher,btreachern0@sohu.com,Female
830,Wyndham,Hooks,whooksn1@facebook.com,Male
831,Nil,Morrison,nmorrisonn2@slashdot.org,Male
832,Dael,Dwane,ddwanen3@xinhuanet.com,Male
833,Charis,Coathup,ccoathupn4@wisc.edu,Female
834,Ches,Mc Pake,cmcpaken5@vk.com,Male
835,Melba,Fine,mfinen6@huffingtonpost.com,Female
836,Calla,Hollyard,chollyardn7@fema.gov,Female
837,Charity,Danielut,cdanielutn8@admin.ch,Female
838,Timi,Tims,ttimsn9@cnn.com,Female
839,Shela,Topper,stopperna@mashable.com,Female
840,Barth,Soans,bsoansnb@baidu.com,Male
841,Archibold,Farnie,afarnienc@prweb.com,Male
842,Abbie,O' Liddy,aoliddynd@domainmarket.com,Female
843,Wyatt,Marcoolyn,wmarcoolynne@tmall.com,Male
844,Dougie,Zanetello,dzanetellonf@nature.com,Male
845,Josepha,Halesworth,jhalesworthng@wiley.com,Female
846,Cass,Kilcoyne,ckilcoynenh@storify.com,Female
847,Lucian,Guiot,lguiotni@ebay.com,Male
848,Mohandis,Robins,mrobinsnj@dell.com,Male
849,Margret,Wittke,mwittkenk@purevolume.com,Female
850,Cass,Roden,crodennl@desdev.cn,Male
851,Millisent,Clerk,mclerknm@oakley.com,Female
852,Hillyer,Dawbery,hdawberynn@flickr.com,Male
853,Candide,Cardenosa,ccardenosano@ft.com,Female
854,Mahmoud,Kosel,mkoselnp@storify.com,Male
855,Caryl,Kemitt,ckemittnq@github.com,Male
856,Merry,De Gregoli,mdegregolinr@google.it,Male
857,Robina,Hansman,rhansmanns@arstechnica.com,Female
858,Lilith,Cheverton,lchevertonnt@va.gov,Female
859,Alleyn,Epton,aeptonnu@blogspot.com,Male
860,Maurise,Curneen,mcurneennv@google.com.hk,Male
861,Letisha,Bernardoux,lbernardouxnw@yahoo.com,Female
862,Emory,Frankum,efrankumnx@addtoany.com,Male
863,Sheri,Cottel,scottelny@goo.gl,Female
864,Carlita,Faiers,cfaiersnz@weibo.com,Female
865,Geno,Conring,gconringo0@sun.com,Male
866,Bevan,Mower,bmowero1@csmonitor.com,Male
867,Cordelie,Tadd,ctaddo2@ft.com,Female
868,Sheppard,Valdes,svaldeso3@cargocollective.com,Male
869,Inessa,Antonietti,iantoniettio4@hubpages.com,Female
870,Pauly,Abramsky,pabramskyo5@aboutads.info,Female
871,Erminia,Klosterman,eklostermano6@reuters.com,Female
872,Fowler,Farrears,ffarrearso7@amazon.co.jp,Male
873,Leese,Gouldeby,lgouldebyo8@e-recht24.de,Female
874,Vitoria,Gabbot,vgabboto9@plala.or.jp,Female
875,Pace,Digman,pdigmanoa@upenn.edu,Male
876,Emanuele,Dehmel,edehmelob@prnewswire.com,Male
877,Ruthie,Dillestone,rdillestoneoc@cnet.com,Female
878,Denney,Lumsdon,dlumsdonod@angelfire.com,Male
879,Vivianne,Riseley,vriseleyoe@nasa.gov,Female
880,Steward,Skirlin,sskirlinof@ca.gov,Male
881,Jamil,Hawkett,jhawkettog@dion.ne.jp,Male
882,Duane,Fraczek,dfraczekoh@gnu.org,Male
883,Cleo,Allaway,callawayoi@wiley.com,Female
884,Had,Stannering,hstanneringoj@vinaora.com,Male
885,Melisa,Melanaphy,mmelanaphyok@home.pl,Female
886,Reese,Perrat,rperratol@squarespace.com,Male
887,Tammy,Lammerding,tlammerdingom@mail.ru,Female
888,Margery,Mollin,mmollinon@eepurl.com,Female
889,Tabbatha,Zanneli,tzannelioo@illinois.edu,Female
890,Kane,Milbank,kmilbankop@amazonaws.com,Male
891,Winny,Hogsden,whogsdenoq@feedburner.com,Male
892,Yorker,Goncaves,ygoncavesor@mozilla.com,Male
893,Brita,Leipnik,bleipnikos@scribd.com,Female
894,Othello,Dudney,odudneyot@census.gov,Male
895,Stacey,Joyes,sjoyesou@adobe.com,Female
896,Genna,Szymanski,gszymanskiov@github.com,Female
897,Glynis,Scotsbrook,gscotsbrookow@prlog.org,Female
898,Ringo,Spriggen,rspriggenox@japanpost.jp,Male
899,Borden,Stubbington,bstubbingtonoy@mysql.com,Male
900,Hiram,Yanuk,hyanukoz@1688.com,Male
901,Saidee,Arpino,sarpinop0@apache.org,Female
902,Leland,Vido,lvidop1@tripadvisor.com,Male
903,Marcello,Crack,mcrackp2@miitbeian.gov.cn,Male
904,Aubine,Hendrick,ahendrickp3@dedecms.com,Female
905,Joanie,Schuh,jschuhp4@reference.com,Female
906,Gale,Malby,gmalbyp5@github.com,Male
907,Penelopa,Lines,plinesp6@elegantthemes.com,Female
908,Kippie,Emig,kemigp7@blogs.com,Female
909,Stan,McElwee,smcelweep8@dion.ne.jp,Male
910,Vyky,Gash,vgashp9@youtube.com,Female
911,Norris,Kundt,nkundtpa@tmall.com,Male
912,Donaugh,Oxbe,doxbepb@theglobeandmail.com,Male
913,Gearard,Novotna,gnovotnapc@sun.com,Male
914,Reuven,Grzegorczyk,rgrzegorczykpd@cargocollective.com,Male
915,Hunfredo,Kadd,hkaddpe@oaic.gov.au,Male
916,Roderick,O' Mullane,romullanepf@qq.com,Male
917,Bernhard,Mallia,bmalliapg@amazon.co.jp,Male
918,Annamaria,Jaze,ajazeph@jalbum.net,Female
919,Edith,Dresche,edreschepi@time.com,Female
920,Tyler,Sydney,tsydneypj@paginegialle.it,Male
921,Thedrick,Allewell,tallewellpk@live.com,Male
922,Stanford,Rubica,srubicapl@csmonitor.com,Male
923,Rem,Faldoe,rfaldoepm@de.vu,Male
924,Chris,Danielian,cdanielianpn@rambler.ru,Male
925,Jamesy,Strowther,jstrowtherpo@eepurl.com,Male
926,Roderic,Alyukin,ralyukinpp@facebook.com,Male
927,Marcellus,Antoinet,mantoinetpq@networkadvertising.org,Male
928,Ike,Farens,ifarenspr@marriott.com,Male
929,Diannne,Gagg,dgaggps@hibu.com,Female
930,Barde,Francklyn,bfrancklynpt@google.com.au,Male
931,Tierney,Alessandrini,talessandrinipu@smh.com.au,Female
932,Ashton,Beckmann,abeckmannpv@example.com,Male
933,Lizzy,Waterfield,lwaterfieldpw@unc.edu,Female
934,Elsi,Liell,eliellpx@sina.com.cn,Female
935,Guenna,Shilvock,gshilvockpy@tripod.com,Female
936,Celestia,Lewing,clewingpz@yelp.com,Female
937,Niki,Vreiberg,nvreibergq0@sciencedirect.com,Male
938,Saxe,Sullivan,ssullivanq1@globo.com,Male
939,Sheree,Szubert,sszubertq2@dropbox.com,Female
940,Odille,Baddiley,obaddileyq3@blogs.com,Female
941,Dick,Verchambre,dverchambreq4@github.io,Male
942,Tyler,Gumbrell,tgumbrellq5@pagesperso-orange.fr,Male
943,Jeannie,Wytchard,jwytchardq6@diigo.com,Female
944,Dominic,Triggel,dtriggelq7@typepad.com,Male
945,Jorrie,Goodlip,jgoodlipq8@sitemeter.com,Female
946,Jerrine,Pietroni,jpietroniq9@usnews.com,Female
947,Leslie,Read,lreadqa@yelp.com,Male
948,Wenda,McCabe,wmccabeqb@blogspot.com,Female
949,Bradan,Guerri,bguerriqc@liveinternet.ru,Male
950,Bibi,Milsap,bmilsapqd@edublogs.org,Female
951,Correy,McTeer,cmcteerqe@japanpost.jp,Male
952,Pippa,Sudy,psudyqf@constantcontact.com,Female
953,Dominique,Eddisforth,deddisforthqg@mayoclinic.com,Male
954,Margo,Guerrier,mguerrierqh@army.mil,Female
955,Caroljean,Paulsson,cpaulssonqi@ameblo.jp,Female
956,Zeke,Stride,zstrideqj@unesco.org,Male
957,Claudianus,Patnelli,cpatnelliqk@jalbum.net,Male
958,Wynny,Kearey,wkeareyql@booking.com,Female
959,Valentijn,Yurin,vyurinqm@thetimes.co.uk,Male
960,Sibyl,Bennington,sbenningtonqn@sina.com.cn,Female
961,Dulcy,Jenman,djenmanqo@webnode.com,Female
962,Gelya,Bartod,gbartodqp@friendfeed.com,Female
963,Edy,Dermott,edermottqq@soup.io,Female
964,Ebonee,Dobrowolski,edobrowolskiqr@yandex.ru,Female
965,Timmy,O'Hogertie,tohogertieqs@engadget.com,Female
966,Gard,Chattoe,gchattoeqt@zdnet.com,Male
967,Flor,Quinby,fquinbyqu@hexun.com,Female
968,Rhett,Ivimy,rivimyqv@hexun.com,Male
969,Josefa,Kunze,jkunzeqw@jiathis.com,Female
970,Sophronia,Mithon,smithonqx@sciencedirect.com,Female
971,Hilary,Greenland,hgreenlandqy@mozilla.com,Male
972,Michele,Whytock,mwhytockqz@over-blog.com,Female
973,Tracee,Assaf,tassafr0@ycombinator.com,Female
974,Toinette,O'Growgane,togrowganer1@homestead.com,Female
975,Brody,Lindsell,blindsellr2@mtv.com,Male
976,Dorolice,Byrnes,dbyrnesr3@techcrunch.com,Female
977,Fayth,O'Fergus,fofergusr4@rambler.ru,Female
978,Ranique,Stoeck,rstoeckr5@hc360.com,Female
979,Jacinta,Skinner,jskinnerr6@answers.com,Female
980,Adda,Smalls,asmallsr7@marriott.com,Female
981,Bellina,Webbe,bwebber8@symantec.com,Female
982,Vale,Walters,vwaltersr9@booking.com,Male
983,Kelli,Shimmans,kshimmansra@mail.ru,Female
984,Adham,McFfaden,amcffadenrb@sina.com.cn,Male
985,Durward,Camock,dcamockrc@clickbank.net,Male
986,Devi,Laurencot,dlaurencotrd@typepad.com,Female
987,Fletcher,Gagie,fgagiere@oaic.gov.au,Male
988,Armin,Moreing,amoreingrf@boston.com,Male
989,Jillane,Broadbridge,jbroadbridgerg@mtv.com,Female
990,Osborne,Hannent,ohannentrh@bloglovin.com,Male
991,Addy,Gatecliff,agatecliffri@cdc.gov,Female
992,Cassy,Douche,cdoucherj@google.ca,Female
993,Torrin,Pattemore,tpattemorerk@yandex.ru,Male
994,Ferrel,Humpage,fhumpagerl@ca.gov,Male
995,Oliver,Gigg,ogiggrm@amazon.de,Male
996,Jim,Grenkov,jgrenkovrn@acquirethisname.com,Male
997,Kizzee,Beller,kbellerro@joomla.org,Female
998,Michelle,Benez,mbenezrp@blogspot.com,Female
999,Sawyer,Bucktharp,sbucktharprq@salon.com,Male
1000,Worth,Grahamslaw,wgrahamslawrr@t.co,Male
